Produto,Preço,Juros
Cadeira de Escritório Secretária Base Cromada com Rodinha Fortt Roma Preta - CSF06-P,"229,00",Mais de 400 compras no mês passado
Cadeira de Escritório Presidente Vegas Relax Duoffice DU300,"599,90","em até 4x de R$ 57,25 sem juros"
Cadeira de Escritório Giratória Diretor Executive Três Comfort Preta,"247,88",De:
Moob Cadeira de Escritório Presidente Chicago Giratória Com Sistema Relax Preta,"499,90","em até 10x de R$ 59,99 sem juros"
Cadeira de Escritório Secretária Base Cromada com Rodinha Fortt Lisboa Preta - CSF02-P,"252,40",Compre produtos de marcas de pequenos negócios vendidos na loja da Amazon. Saiba mais sobre o compromisso da Amazon para impulsionar o sucesso dos pequenos negócios que vendem na Amazon.com.br.
"Cadeira Presidente Giratória, Mymax, 25.008922, Preto","426,00",Mais de 1 mil compras no mês passado
Cadeira Para Escritório Presidente Giratória Ergonômica ANM312 P,"949,00","em até 4x de R$ 61,97 sem juros"
Cadeira de Escritorio Presidente Giratoria Confortavel Fox,"689,90",Mais opções de compra
Cadeira Para Escritório Presidente Giratória Ergonômica ANM 321D,"499,99","em até 9x de R$ 55,58 sem juros"
Cadeira Escritório Diretor Tela Mesh Com Encosto De Cabeça,"274,90",Mais de 500 compras no mês passado
Cadeira de Escritório Presidente Vegas Duoffice DU300,"599,90",De:
Moob Cadeira de Escritório Presidente Filadélfia Giratória Com Sistema Relax Preta,"449,90","em até 5x de R$ 50,48 sem juros"
Cadeira Gamer Profissional TGC12 Preta ThunderX3.,"1.140,00",Mais opções de compra
Cadeira Executiva Madrid Giratória Regulagem de Altura a Gas Telada Preta,"248,90",Mais de 400 compras no mês passado
YAMASORO Cadeira de Escritorio Presidente de Luxo em Couro Giratória Regulagem de Altura Cadeira Escritório com Apoio de Cabeça-Azul,"1.369,99","em até 8x de R$ 53,25 sem juros"
Cadeira de Escritório Secretária Base Preta com Rodinha Fortt Milão Preta - CSF07-P,"229,00",Mais opções de compra
Cadeira Escritório Brun Charles Eames Diretor Giratória Aço,"547,20",Mais de 600 compras no mês passado
Cadeira De Escritório Royale Preto e Branco,"599,90","em até 10x de R$ 94,90 sem juros"
Cadeira Presidente Ergonômica Giratória Preta 3307,"429,00",Mais opções de compra
Cadeira Escritório Presidente Alta Giratória Eames Off White,"559,00",Mais de 100 compras no mês passado
Moob Cadeira de Escritório Estofada Eames Giratória Preta,"299,90","em até 10x de R$ 68,99 sem juros"
Cadeira de Escritorio Esteirinha Mesh Ergonomica Giratoria,"249,90",Mais opções de compra
Cadeira De Escritorio Presidente Ergonomica Apoio Para Pés (Preto),"939,90","em até 9x de R$ 55,59 sem juros"
Cadeira de Escritório Executiva Moob Viena Giratória Com Regulagem de Altura a Gás Telada Preta,"299,77","em até 5x de R$ 54,98 sem juros"
Kit 2 Cadeiras Escritório Diretor Tela Mesh Encosto De Cabeça,"484,90",De:
Cadeira Presidente de Escritorio Giratoria FoxOffice C161W PU - Branca,"491,21","em até 10x de R$ 59,99 sem juros"
Cadeira de Escritório Secretária Giratória Fitz Rosa Turquia,"342,55",Compre produtos de marcas de pequenos negócios vendidos na loja da Amazon. Saiba mais sobre o compromisso da Amazon para impulsionar o sucesso dos pequenos negócios que vendem na Amazon.com.br.
CADEIRA GAMER MAD RACER STI MASTER PRETO - MADSTIMSPT - PCYES,"715,00","em até 8x de R$ 56,29 sem juros"
Cadeira Xtreme Gamers Cinesis Giratória Reclinável Altura Ajustável Preta e Branca,"594,96",Mais opções de compra
Cadeira Escritório Presidente Nice Giratória Regulagem de Altura a Gás Revestimento,"699,90",Mais de 50 compras no mês passado
Cadeira de Escritório Confort Diretor - Kza Bela,"239,90","em até 4x de R$ 62,24 sem juros"
Cadeira De Escritorio Ergonomica Presidente Apoio Para Pés Cor:Rosa,"869,90","em até 10x de R$ 137,08 sem juros"
Cadeira Para Escritório Presidente Racer-X Modelo Rush Reclinável Cinza,"756,90",Compre produtos de marcas de pequenos negócios vendidos na loja da Amazon. Saiba mais sobre o compromisso da Amazon para impulsionar o sucesso dos pequenos negócios que vendem na Amazon.com.br.
Cadeira de Escritório Secretária Giratória com braço regulável Gatilho Tecido — Qualiflex (Couro),"345,90","em até 4x de R$ 57,25 sem juros"
Cadeira De Escritório Rohden Home & Office Diretor ErgoMesh Preta - RHO-330,"699,00",Mais de 50 compras no mês passado
Cadeira Escritório Diretor Tela Mesh Com Encosto De Cabeça,"384,90","em até 10x de R$ 54,72 sem juros"
Cadeira Para Escritório Presidente Giratória Ergonômica ANM312 P,"900,00","em até 10x de R$ 59,99 sem juros"
Cadeira Escritório Giratória Wave Com Encosto Em Tela Preta/PPPR Base Cromada,"254,36",Mais de 100 compras no mês passado
Cadeira De Escritório Três Confort Executive Preta e Cromada,"215,00","em até 8x de R$ 53,66 sem juros"
CADEIRA ESCRITÓRIO ERGONÔMICA MAGNUS BLACK – PCEEMAGPT - PCYES,"1.020,55","em até 10x de R$ 55,90 sem juros"
Cadeira de Escritorio Elements Astra Verde/Branca,"999,00",De:
Cadeira de Escritorio Begonia Tela Mesh Ergonomica Giratoria,"269,89","em até 5x de R$ 59,98 sem juros"
Moob Cadeira de Escritório Diretor Firenze Giratória Com Regulagem de Altura a Gás Preta,"499,90",Mais de 100 compras no mês passado
Cadeira de Escritório Esteirinha Base Cromada com Rodinha Fortt Praga Marrom - CEF02-M,"479,00",De:
"Cadeira Gamer TGT Heron, Preta e Azul, TGT-HR-BBU01","469,90","em até 4x de R$ 62,49 sem juros"
Cadeira Diretor Boston Giratória Regulagem de Altura a Gás Esteirinha Preto - MOOB,"549,90",De:
Cadeira de Escritório Secretária com Base Cromada com Rodinha Fortt Braga Preta - CSF04-P,"259,90","em até 10x de R$ 93,99 sem juros"
Cadeira de Escritorio Elements Astra cinza/branca,"1.629,90","em até 5x de R$ 59,97 sem juros"
